,Magneton,Magneton Fehler
linker Peak,8.144620751858204e-24,5.06049167877007e-25
rechter Peak,8.03650619971855e-24,5.999815924954177e-25
