,Magneton,Magneton Fehler
linker Peak,9.675139783142992e-24,4.814856782299014e-25
rechter Peak,8.776540065754351e-24,5.634596297900112e-25
